﻿<?xml version="1.0" encoding="utf-8"?>
<sitecontent>
  <menu>
    <menu_item>
      <menu_item_title>Home</menu_item_title>
      <menu_item_path>home</menu_item_path>
      <menu_item_slug>home</menu_item_slug>
      <menu_item_status>1</menu_item_status>
    </menu_item>
    <menu_item>
      <menu_item_title>Menu</menu_item_title>
      <menu_item_path>menu</menu_item_path>
      <menu_item_slug>menu</menu_item_slug>
      <menu_item_status>1</menu_item_status>
    </menu_item>
    <menu_item>
      <menu_item_title>About Us</menu_item_title>
      <menu_item_path>about us</menu_item_path>
      <menu_item_slug>about-us</menu_item_slug>
      <menu_item_status>1</menu_item_status>
    </menu_item>
    <menu_item>
      <menu_item_title>Contact</menu_item_title>
      <menu_item_path>contact</menu_item_path>
      <menu_item_slug>contact</menu_item_slug>
      <menu_item_status>1</menu_item_status>
    </menu_item>
    <menu_item>
      <menu_item_title>Blog-wp</menu_item_title>
      <menu_item_path>blog</menu_item_path>
      <menu_item_slug>blog-wp</menu_item_slug>
      <menu_item_status>1</menu_item_status>
    </menu_item>
  </menu>
  <pages>
    <content>
      <meta_ID>tt_page1</meta_ID>
      <page_title>Home</page_title>
      <alias>home</alias>
      <page_name>Home</page_name>
      <page_header_id>home</page_header_id>
      <state>1</state>
      <featured>1</featured>
      <created>12/30/2020 00:00:00</created>
      <created_by_alias>SuperUser</created_by_alias>
      <page_title_visibility>false</page_title_visibility>
      <introtext><![CDATA[<div class="ttr_home_html_row0 row" >
<div class="post_column col-xl-12 col-lg-12 col-md-12 col-sm-12 col-xs-12 col-12">
<div class="ttr_home_html_column00">
<div class="margin_collapsetop"></div>
<div class="html_content"><h2 style="text-align:Center;"><span style="font-family:'Roboto Slab','Arial';font-weight:700;font-size:1em;color:rgba(0,0,0,1);">Tasty Menu Today</span></h2></div>
<div class="margin_collapsetop"></div>
<div style="clear:both;width:0px;"></div>
</div>
</div>
<div class=" visible-lg-block d-xl-block d-lg-block visible-md-block d-md-block visible-sm-block d-sm-block visible-xs-block d-block" style="clear: both;width:0px;"></div>
<div class="post_column col-xl-4 col-lg-4 col-md-6 col-sm-12 col-xs-12 col-12">
<div class="ttr_home_html_column01">
<div class="margin_collapsetop"></div>
<div class="html_content"><p style="text-align:Center;"><span class="ttr_image" style="float:none;display:block;overflow:hidden;margin:0px 0px 0px 0px;"><span><img style="max-height:250px;max-width:250px;margin:0px 0px 20px 0px;" src="~base_path~sites/default/files/inline-images/dish11.png" alt="dish" /></span></span><span style="font-family:'Roboto Slab','Arial';font-weight:700;font-size:1.375em;color:rgba(52,52,52,1);">Italian Salsa Verde</span></p><p style="margin:20px 0px 5px 0px;text-align:Center;line-height:1.84em;font-family:'Lato','Arial';color:rgba(51,51,51,1);"><span style="color:rgba(78,78,78,1);">Lorem ipsum dolor sit amet, test link adipiscing elit.Nullam dignissim convallis est.Quisque aliquam. Donec faucibus.</span></p><br style="text-align:Center;" /></div>
<div class="margin_collapsetop"></div>
<div style="clear:both;width:0px;"></div>
</div>
</div>
<div class=" visible-sm-block d-sm-block visible-xs-block d-block" style="clear: both;width:0px;"></div>
<div class="post_column col-xl-4 col-lg-4 col-md-6 col-sm-12 col-xs-12 col-12">
<div class="ttr_home_html_column02">
<div class="margin_collapsetop"></div>
<div class="html_content"><p style="text-align:Center;"><span class="ttr_image" style="float:none;display:block;overflow:hidden;margin:0px 0px 20px 0px;"><span><img class="ttr_uniform" style="max-height:250px;max-width:250px;" src="~base_path~sites/default/files/inline-images/dish2.png" alt="dish" /></span></span><span style="font-family:'Roboto Slab','Arial';font-weight:700;font-size:1.375em;color:rgba(52,52,52,1);">Crab Congee</span></p><p style="margin:20px 0px 5px 0px;text-align:Center;line-height:1.84em;color:rgba(51,51,51,1);"><span style="font-family:'Lato','Arial';font-size:1em;color:rgba(78,78,78,1);">Lorem ipsum dolor sit amet, test link adipiscing elit.Nullam dignissim convallis est.Quisque aliquam. Donec faucibus.</span></p></div>
<div class="margin_collapsetop"></div>
<div style="clear:both;width:0px;"></div>
</div>
</div>
<div class=" visible-md-block d-md-block visible-sm-block d-sm-block visible-xs-block d-block" style="clear: both;width:0px;"></div>
<div class="post_column col-xl-4 col-lg-4 col-md-6 col-sm-12 col-xs-12 col-12">
<div class="ttr_home_html_column03">
<div class="margin_collapsetop"></div>
<div class="html_content"><p style="text-align:Center;"><span class="ttr_image" style="float:none;display:block;overflow:hidden;margin:0px 0px 20px 0px;"><span><img class="ttr_uniform" style="max-height:250px;max-width:250px;" src="~base_path~sites/default/files/inline-images/dish3.png" alt="dish" /></span></span><span style="font-family:'Roboto Slab','Arial';font-weight:700;font-size:1.375em;color:rgba(52,52,52,1);">Pepper Calamari</span></p><p style="margin:20px 0px 5px 0px;text-align:Center;line-height:1.64em;color:rgba(51,51,51,1);"><span style="font-family:'Lato','Arial';font-size:1em;color:rgba(78,78,78,1);">Lorem ipsum dolor sit amet, test link adipiscing elit.Nullam dignissim convallis est.Quisque aliquam. Donec faucibus.</span></p></div>
<div class="margin_collapsetop"></div>
<div style="clear:both;width:0px;"></div>
</div>
</div>
<div class=" visible-lg-block d-xl-block d-lg-block visible-sm-block d-sm-block visible-xs-block d-block" style="clear: both;width:0px;"></div>
</div>
<div class="ttr_home_html_row1 row" >
<div class="post_column col-xl-12 col-lg-12 col-md-12 col-sm-12 col-xs-12 col-12">
<div class="ttr_home_html_column10">
<div class="margin_collapsetop"></div>
<div class="html_content"><h2 style="text-align:Center;"><span style="font-weight:700;font-size:1em;color:rgba(0,0,0,1);">Our Recipes</span></h2><p style="margin:20px 0px 5px 0px;text-align:Center;"><span style="font-family:'Lato','Arial';font-size:1.125em;color:rgba(78,78,78,1);">Lorem ipsum dolor sit amet, test link adipiscing elit.Nullam dignissim convallis est.</span></p></div>
<div class="margin_collapsetop"></div>
<div style="clear:both;width:0px;"></div>
</div>
</div>
<div class=" visible-lg-block d-xl-block d-lg-block visible-md-block d-md-block visible-sm-block d-sm-block visible-xs-block d-block" style="clear: both;width:0px;"></div>
<div class="post_column col-xl-6 col-lg-6 col-md-12 col-sm-12 col-xs-12 col-12">
<div class="ttr_home_html_column11">
<div class="margin_collapsetop"></div>
<div class="html_content"><p style="margin:0px 0px 5px 0px;"><span class="ttr_image" style="float:Left;overflow:hidden;margin:0px 40px 0px 0px;"><span><img class="ttr_uniform" style="max-height:100px;max-width:100px;" src="~base_path~sites/default/files/inline-images/menu1.png" alt="menu" /></span></span><span style="font-family:'Roboto Slab','Arial';font-weight:700;font-size:1.25em;">Ranch Pasta.....</span><span style="font-size:1.25em;">..................................................</span><span style="font-weight:700;font-size:1.375em;color:rgba(28,179,92,1);">$25</span></p><p style="margin:10px 0px 5px 0px;line-height:1.86em;"><span style="font-family:'Lato','Arial';font-size:1em;color:rgba(78,78,78,1);">Nullam dignissim convallis est.Quisque aliquam. Donec faucibus. Nunc iaculis suscipit dui.</span></p></div>
<div class="margin_collapsetop"></div>
<div style="clear:both;width:0px;"></div>
</div>
</div>
<div class=" visible-md-block d-md-block visible-sm-block d-sm-block visible-xs-block d-block" style="clear: both;width:0px;"></div>
<div class="post_column col-xl-6 col-lg-6 col-md-12 col-sm-12 col-xs-12 col-12">
<div class="ttr_home_html_column12">
<div class="margin_collapsetop"></div>
<div class="html_content"><p style="margin:0px 0px 5px 0px;line-height:1.3em;font-family:'Roboto Slab','Arial';color:rgba(51,51,51,1);"><span class="ttr_image" style="float:Left;overflow:hidden;margin:0px 40px 0px 0px;"><span><img class="ttr_uniform" style="max-height:100px;max-width:100px;" src="~base_path~sites/default/files/inline-images/menu2.png" alt="menu" /></span></span><span style="font-weight:700;font-size:1.25em;">Cupcake Recipes </span><span style="font-size:1.25em;">........................................</span><span style="font-weight:700;font-size:1.375em;color:rgba(28,179,92,1);">$15</span></p><p style="margin:10px 0px 5px 0px;line-height:1.86em;font-family:'Roboto Slab','Arial';color:rgba(51,51,51,1);"><span style="font-family:'Lato','Arial';font-size:1em;color:rgba(78,78,78,1);">Nullam dignissim convallis est.Quisque aliquam. Donec faucibus. Nunc iaculis suscipit dui.</span></p></div>
<div class="margin_collapsetop"></div>
<div style="clear:both;width:0px;"></div>
</div>
</div>
<div class=" visible-lg-block d-xl-block d-lg-block visible-md-block d-md-block visible-sm-block d-sm-block visible-xs-block d-block" style="clear: both;width:0px;"></div>
<div class="post_column col-xl-6 col-lg-6 col-md-12 col-sm-12 col-xs-12 col-12">
<div class="ttr_home_html_column13">
<div class="margin_collapsetop"></div>
<div class="html_content"><p style="margin:0px 0px 5px 0px;line-height:1.3em;font-family:'Roboto Slab','Arial';color:rgba(51,51,51,1);"><span class="ttr_image" style="float:Left;overflow:hidden;margin:0px 40px 0px 0px;"><span><img class="ttr_uniform" style="max-height:100px;max-width:100px;" src="~base_path~sites/default/files/inline-images/menu3.png" alt="menu" /></span></span><span style="font-weight:700;font-size:1.25em;">Oysters Grill</span><span style="font-size:1.25em;">..................................................</span><span style="font-weight:700;font-size:1.375em;color:rgba(28,179,92,1);">$35</span></p><p style="margin:10px 0px 5px 0px;line-height:1.86em;font-family:'Roboto Slab','Arial';color:rgba(51,51,51,1);"><span style="font-family:'Lato','Arial';font-size:1em;color:rgba(78,78,78,1);">Nullam dignissim convallis est.Quisque aliquam. Donec faucibus. Nunc iaculis suscipit dui.</span></p></div>
<div class="margin_collapsetop"></div>
<div style="clear:both;width:0px;"></div>
</div>
</div>
<div class=" visible-md-block d-md-block visible-sm-block d-sm-block visible-xs-block d-block" style="clear: both;width:0px;"></div>
<div class="post_column col-xl-6 col-lg-6 col-md-12 col-sm-12 col-xs-12 col-12">
<div class="ttr_home_html_column14">
<div class="margin_collapsetop"></div>
<div class="html_content"><p style="margin:0px 0px 5px 0px;line-height:1.3em;font-family:'Roboto Slab','Arial';color:rgba(51,51,51,1);"><span class="ttr_image" style="float:Left;overflow:hidden;margin:0px 40px 0px 0px;"><span><img class="ttr_uniform" style="max-height:100px;max-width:100px;" src="~base_path~sites/default/files/inline-images/menu4.png" alt="menu" /></span></span><span style="font-weight:700;font-size:1.25em;">Rosemary</span><span style="font-size:1.25em;">......................................................</span><span style="font-weight:700;font-size:1.375em;color:rgba(28,179,92,1);">$35</span></p><p style="margin:10px 0px 5px 0px;line-height:1.86em;font-family:'Roboto Slab','Arial';color:rgba(51,51,51,1);"><span style="font-family:'Lato','Arial';font-size:1em;color:rgba(78,78,78,1);">Nullam dignissim convallis est.Quisque aliquam. Donec faucibus. Nunc iaculis suscipit dui.</span></p></div>
<div class="margin_collapsetop"></div>
<div style="clear:both;width:0px;"></div>
</div>
</div>
<div class=" visible-lg-block d-xl-block d-lg-block visible-md-block d-md-block visible-sm-block d-sm-block visible-xs-block d-block" style="clear: both;width:0px;"></div>
<div class="post_column col-xl-6 col-lg-6 col-md-12 col-sm-12 col-xs-12 col-12">
<div class="ttr_home_html_column15">
<div class="margin_collapsetop"></div>
<div class="html_content"><p style="margin:0px 0px 5px 0px;line-height:1.3em;font-family:'Roboto Slab','Arial';color:rgba(51,51,51,1);"><span class="ttr_image" style="float:Left;overflow:hidden;margin:0px 40px 0px 0px;"><span><img class="ttr_uniform" style="max-height:100px;max-width:100px;" src="~base_path~sites/default/files/inline-images/menu5.png" alt="menu" /></span></span><span style="font-weight:700;font-size:1.25em;">Ranch Pasta</span><span style="font-size:1.25em;">..................................................</span><span style="font-weight:700;font-size:1.375em;color:rgba(28,179,92,1);">$45</span></p><p style="margin:10px 0px 5px 0px;line-height:1.86em;font-family:'Roboto Slab','Arial';color:rgba(51,51,51,1);"><span style="font-family:'Lato','Arial';font-size:1em;color:rgba(78,78,78,1);">Nullam dignissim convallis est.Quisque aliquam. Donec faucibus. Nunc iaculis suscipit dui.</span></p></div>
<div class="margin_collapsetop"></div>
<div style="clear:both;width:0px;"></div>
</div>
</div>
<div class=" visible-md-block d-md-block visible-sm-block d-sm-block visible-xs-block d-block" style="clear: both;width:0px;"></div>
<div class="post_column col-xl-6 col-lg-6 col-md-12 col-sm-12 col-xs-12 col-12">
<div class="ttr_home_html_column16">
<div class="margin_collapsetop"></div>
<div class="html_content"><p style="margin:0px 0px 5px 0px;line-height:1.3em;font-family:'Roboto Slab','Arial';color:rgba(51,51,51,1);"><span class="ttr_image" style="float:Left;overflow:hidden;margin:0px 40px 0px 0px;"><span><img class="ttr_uniform" style="max-height:100px;max-width:100px;" src="~base_path~sites/default/files/inline-images/menu6.png" alt="menu" /></span></span><span style="font-weight:700;font-size:1.25em;">Fried Chicken</span><span style="font-size:1.25em;">..............................................</span><span style="font-weight:700;font-size:1.375em;color:rgba(28,179,92,1);">$25</span></p><p style="margin:10px 0px 5px 0px;line-height:1.86em;font-family:'Roboto Slab','Arial';color:rgba(51,51,51,1);"><span style="font-family:'Lato','Arial';font-size:1em;color:rgba(78,78,78,1);">Nullam dignissim convallis est.Quisque aliquam. Donec faucibus. Nunc iaculis suscipit dui.</span></p></div>
<div class="margin_collapsetop"></div>
<div style="clear:both;width:0px;"></div>
</div>
</div>
<div class=" visible-lg-block d-xl-block d-lg-block visible-md-block d-md-block visible-sm-block d-sm-block visible-xs-block d-block" style="clear: both;width:0px;"></div>
<div class="post_column col-xl-6 col-lg-6 col-md-12 col-sm-12 col-xs-12 col-12">
<div class="ttr_home_html_column17">
<div class="margin_collapsetop"></div>
<div class="html_content"><p style="margin:0px 0px 5px 0px;line-height:1.3em;font-family:'Roboto Slab','Arial';color:rgba(51,51,51,1);"><span class="ttr_image" style="float:Left;overflow:hidden;margin:0px 30px 0px 0px;"><span><img class="ttr_uniform" style="max-height:100px;max-width:100px;" src="~base_path~sites/default/files/inline-images/menu7.png" alt="menu" /></span></span><span style="font-family:'Roboto Slab','Arial';font-weight:700;font-size:1.25em;color:rgba(51,51,51,1);">Cupcake Recipes </span><span style="font-size:1.25em;">.........................................</span><span style="font-weight:700;font-size:1.375em;color:rgba(28,179,92,1);">$40</span></p><p style="margin:10px 0px 5px 0px;line-height:1.86em;font-family:'Roboto Slab','Arial';color:rgba(51,51,51,1);"><span style="font-family:'Lato','Arial';font-size:1em;color:rgba(78,78,78,1);">Nullam dignissim convallis est.Quisque aliquam. Donec faucibus. Nunc iaculis suscipit dui.</span></p></div>
<div class="margin_collapsetop"></div>
<div style="clear:both;width:0px;"></div>
</div>
</div>
<div class=" visible-md-block d-md-block visible-sm-block d-sm-block visible-xs-block d-block" style="clear: both;width:0px;"></div>
<div class="post_column col-xl-6 col-lg-6 col-md-12 col-sm-12 col-xs-12 col-12">
<div class="ttr_home_html_column18">
<div class="margin_collapsetop"></div>
<div class="html_content"><p style="margin:0px 0px 5px 0px;line-height:1.3em;font-family:'Roboto Slab','Arial';color:rgba(51,51,51,1);"><span class="ttr_image" style="float:Left;overflow:hidden;margin:0px 40px 0px 0px;"><span><img class="ttr_uniform" style="max-height:100px;max-width:100px;" src="~base_path~sites/default/files/inline-images/menu8.png" alt="menu" /></span></span><span style="font-weight:700;font-size:1.25em;">Potato Pizza</span><span style="font-size:1.25em;">..................................................</span><span style="font-weight:700;font-size:1.375em;color:rgba(28,179,92,1);">$45</span></p><p style="margin:10px 0px 5px 0px;line-height:1.86em;font-family:'Roboto Slab','Arial';color:rgba(51,51,51,1);"><span style="font-family:'Lato','Arial';font-size:1em;color:rgba(78,78,78,1);">Nullam dignissim convallis est.Quisque aliquam. Donec faucibus. Nunc iaculis suscipit dui.</span></p></div>
<div class="margin_collapsetop"></div>
<div style="clear:both;width:0px;"></div>
</div>
</div>
<div class=" visible-lg-block d-xl-block d-lg-block visible-md-block d-md-block visible-sm-block d-sm-block visible-xs-block d-block" style="clear: both;width:0px;"></div>
</div>
<div class="ttr_home_html_row2 row" >
<div class="post_column col-xl-6 col-lg-6 col-md-6 col-sm-12 col-xs-12 col-12">
<div class="ttr_home_html_column20">
<div class="margin_collapsetop"></div>
<div class="html_content"><br /></div>
<div class="margin_collapsetop"></div>
<div style="clear:both;width:0px;"></div>
</div>
</div>
<div class=" visible-sm-block d-sm-block visible-xs-block d-block" style="clear: both;width:0px;"></div>
<div class="post_column col-xl-6 col-lg-6 col-md-6 col-sm-12 col-xs-12 col-12">
<div class="ttr_home_html_column21">
<div class="margin_collapsetop"></div>
<div class="html_content"><p><span style="font-family:'Roboto Slab','Arial';font-weight:700;font-size:3em;color:rgba(255,255,255,1);">Spicy Modern Fusion Food</span></p><p style="margin:20px 0px 5px 0px;line-height:1.84em;font-family:'Roboto Slab','Arial';color:rgba(51,51,51,1);"><span style="font-family:'Lato','Arial';font-size:1.125em;color:rgba(255,255,255,1);">Lorem ipsum dolor sit amet, test link adipiscing elit.Nullam dignissim convallis est.Quisque aliquam. Donec faucibus.</span></p><p style="margin:20px 0px 5px 0px;line-height:1.84em;font-family:'Roboto Slab','Arial';color:rgba(51,51,51,1);"><span><a href="http://templatetoaster.com" target="_self" class="btn btn-md btn-default">ORDER NOW</a></span></p></div>
<div class="margin_collapsetop"></div>
<div style="clear:both;width:0px;"></div>
</div>
</div>
<div class=" visible-lg-block d-xl-block d-lg-block visible-md-block d-md-block visible-sm-block d-sm-block visible-xs-block d-block" style="clear: both;width:0px;"></div>
</div>
<div class="ttr_home_html_row3 row" >
<div class="post_column col-xl-12 col-lg-12 col-md-12 col-sm-12 col-xs-12 col-12">
<div class="ttr_home_html_column30">
<div class="margin_collapsetop"></div>
<div class="html_content"><h2 style="margin:10px 0px 10px 0px;text-align:Center;line-height:1.44em;font-family:'Roboto Slab','Arial';color:rgba(88,182,192,1);"><span style="font-weight:700;font-size:1em;color:rgba(0,0,0,1);">Our Chefs</span></h2><p style="margin:20px 0px 5px 0px;text-align:Center;line-height:1.3em;font-family:'Roboto Slab','Arial';color:rgba(51,51,51,1);"><span style="font-family:'Lato','Arial';font-size:1.125em;color:rgba(78,78,78,1);">Lorem ipsum dolor sit amet, test link adipiscing elit.Nullam dignissim convallis est.</span></p></div>
<div class="margin_collapsetop"></div>
<div style="clear:both;width:0px;"></div>
</div>
</div>
<div class=" visible-lg-block d-xl-block d-lg-block visible-md-block d-md-block visible-sm-block d-sm-block visible-xs-block d-block" style="clear: both;width:0px;"></div>
<div class="post_column col-xl-3 col-lg-3 col-md-6 col-sm-12 col-xs-12 col-12">
<div class="ttr_home_html_column31">
<div class="margin_collapsetop"></div>
<div class="html_content"><p style="text-align:Center;"><span class="ttr_image" style="float:none;display:block;overflow:hidden;margin:0px 0px 20px 0px;"><span><img class="ttr_uniform" style="max-height:450px;max-width:400px;" src="~base_path~sites/default/files/inline-images/Chef1.jpg" alt="chef" /></span></span><span style="font-family:'Roboto Slab','Arial';font-weight:700;font-size:1em;color:rgba(52,52,52,1);">Harry MacDonald</span></p></div>
<div class="margin_collapsetop"></div>
<div style="clear:both;width:0px;"></div>
</div>
</div>
<div class=" visible-sm-block d-sm-block visible-xs-block d-block" style="clear: both;width:0px;"></div>
<div class="post_column col-xl-3 col-lg-3 col-md-6 col-sm-12 col-xs-12 col-12">
<div class="ttr_home_html_column32">
<div class="margin_collapsetop"></div>
<div class="html_content"><p style="text-align:Center;"><span class="ttr_image" style="float:none;display:block;overflow:hidden;margin:0px 0px 20px 0px;"><span><img class="ttr_uniform" style="max-height:450px;max-width:400px;" src="~base_path~sites/default/files/inline-images/Chef2.jpg" alt="chef" /></span></span><span style="font-family:'Roboto Slab','Arial';font-weight:700;font-size:1em;color:rgba(52,52,52,1);">Jacob Williams</span></p></div>
<div class="margin_collapsetop"></div>
<div style="clear:both;width:0px;"></div>
</div>
</div>
<div class=" visible-md-block d-md-block visible-sm-block d-sm-block visible-xs-block d-block" style="clear: both;width:0px;"></div>
<div class="post_column col-xl-3 col-lg-3 col-md-6 col-sm-12 col-xs-12 col-12">
<div class="ttr_home_html_column33">
<div class="margin_collapsetop"></div>
<div class="html_content"><p style="text-align:Center;"><span class="ttr_image" style="float:none;display:block;overflow:hidden;margin:0px 0px 20px 0px;"><span><img class="ttr_uniform" style="max-height:450px;max-width:400px;" src="~base_path~sites/default/files/inline-images/Chef3.jpg" alt="chef" /></span></span><span style="font-family:'Roboto Slab','Arial';font-weight:700;font-size:1em;color:rgba(52,52,52,1);">Sharah Garcia</span></p></div>
<div class="margin_collapsetop"></div>
<div style="clear:both;width:0px;"></div>
</div>
</div>
<div class=" visible-sm-block d-sm-block visible-xs-block d-block" style="clear: both;width:0px;"></div>
<div class="post_column col-xl-3 col-lg-3 col-md-6 col-sm-12 col-xs-12 col-12">
<div class="ttr_home_html_column34">
<div class="margin_collapsetop"></div>
<div class="html_content"><p style="text-align:Center;"><span class="ttr_image" style="float:none;display:block;overflow:hidden;margin:0px 0px 20px 0px;"><span><img class="ttr_uniform" style="max-height:450px;max-width:400px;" src="~base_path~sites/default/files/inline-images/Chef4.jpg" alt="chef" /></span></span><span style="font-family:'Roboto Slab','Arial';font-weight:700;font-size:1em;color:rgba(52,52,52,1);">Charlie Rodriguez</span></p></div>
<div class="margin_collapsetop"></div>
<div style="clear:both;width:0px;"></div>
</div>
</div>
<div class=" visible-lg-block d-xl-block d-lg-block visible-md-block d-md-block visible-sm-block d-sm-block visible-xs-block d-block" style="clear: both;width:0px;"></div>
</div>
]]></introtext>
    </content>
    <content>
      <meta_ID>tt_page2</meta_ID>
      <page_title>About Us</page_title>
      <alias>about-us</alias>
      <page_name>About Us</page_name>
      <page_header_id>about us</page_header_id>
      <state>1</state>
      <featured>1</featured>
      <created>12/30/2020 00:00:00</created>
      <created_by_alias>SuperUser</created_by_alias>
      <page_title_visibility>false</page_title_visibility>
      <introtext><![CDATA[<div class="ttr_about-us_html_row0 row" >
<div class="post_column col-xl-6 col-lg-6 col-md-12 col-sm-12 col-xs-12 col-12">
<div class="ttr_about-us_html_column00">
<div class="margin_collapsetop"></div>
<div class="html_content"><p><span class="ttr_image" style="float:Left;overflow:hidden;margin:0px 0px 0px 0px;"><span><img class="ttr_uniform" style="max-height:550px;max-width:800px;" src="~base_path~sites/default/files/inline-images/about restaurant.jpg" alt="about" /></span></span></p></div>
<div class="margin_collapsetop"></div>
<div style="clear:both;width:0px;"></div>
</div>
</div>
<div class=" visible-md-block d-md-block visible-sm-block d-sm-block visible-xs-block d-block" style="clear: both;width:0px;"></div>
<div class="post_column col-xl-6 col-lg-6 col-md-12 col-sm-12 col-xs-12 col-12">
<div class="ttr_about-us_html_column01">
<div class="margin_collapsetop"></div>
<div class="html_content"><h2 style="margin:5px 0px 5px 0px;line-height:0.5em;font-family:'Roboto Slab','Arial';color:rgba(51,51,51,1);"><span style="font-weight:700;font-size:1.143em;color:rgba(0,0,0,1);">About Our Restro</span></h2><p style="margin:20px 0px 5px 0px;line-height:1.81em;"><span style="font-family:'Roboto Slab','Arial';font-size:1.125em;color:rgba(28,179,92,1);">Lorem ipsum dolor sit amet, test link adipiscing elit.Nullam dignissim convallis est.</span></p><p style="margin:20px 0px 5px 0px;line-height:2.01em;"><span style="font-family:'Lato','Arial';font-size:1em;color:rgba(78,78,78,1);">Nunc iaculis suscipit dui.Nam sit amet sem. Aliquam libero nisi, imperdiet at, tincidunt nec, gravida vehicula, nisl.Praesent mattis, massa quis luctus fermentum, turpis mi volutpat justo, eu volutpat enim diam eget metus.Maecenas ornare tortor. Praesent mattis, massa quis luctus fermentum, turpis mi volutpat justo.</span></p><p style="margin:20px 0px 5px 0px;line-height:1.81em;"><span><a href="http://templatetoaster.com" target="_self" class="btn btn-md btn-default">Read More</a></span></p></div>
<div class="margin_collapsetop"></div>
<div style="clear:both;width:0px;"></div>
</div>
</div>
<div class=" visible-lg-block d-xl-block d-lg-block visible-md-block d-md-block visible-sm-block d-sm-block visible-xs-block d-block" style="clear: both;width:0px;"></div>
</div>
<div class="ttr_about-us_html_row1 row" >
<div class="post_column col-xl-12 col-lg-12 col-md-12 col-sm-12 col-xs-12 col-12">
<div class="ttr_about-us_html_column10">
<div class="margin_collapsetop"></div>
<div class="html_content"><h2 style="margin:5px 0px 5px 0px;text-align:Center;line-height:0.5em;font-family:'Roboto Slab','Arial';color:rgba(51,51,51,1);"><span style="font-weight:700;font-size:1em;color:rgba(0,0,0,1);">Tasty Menu Today</span></h2></div>
<div class="margin_collapsetop"></div>
<div style="clear:both;width:0px;"></div>
</div>
</div>
<div class=" visible-lg-block d-xl-block d-lg-block visible-md-block d-md-block visible-sm-block d-sm-block visible-xs-block d-block" style="clear: both;width:0px;"></div>
<div class="post_column col-xl-4 col-lg-4 col-md-4 col-sm-12 col-xs-12 col-12">
<div class="ttr_about-us_html_column11">
<div class="margin_collapsetop"></div>
<div class="html_content"><p style="margin:10px 0px 10px 0px;text-align:Center;line-height:2.02em;font-family:'Roboto Slab','Arial';color:rgba(88,182,192,1);"><span class="ttr_image" style="float:none;display:block;overflow:hidden;margin:0px 0px 20px 0px;padding:0px 0px 0px 0px;"><span><img class="ttr_uniform" style="max-height:300px;max-width:333px;" src="~base_path~sites/default/files/inline-images/2005791050.png" /></span></span><span style="font-weight:700;font-size:1.375em;color:rgba(52,52,52,1);">Italian Salsa Verde</span></p><p style="margin:10px 0px 5px 0px;text-align:Center;line-height:1.84em;font-family:'Roboto Slab','Arial';color:rgba(51,51,51,1);"><span style="font-family:'Lato','Arial';font-size:1em;color:rgba(78,78,78,1);">Lorem ipsum dolor sit amet, test link adipiscing elit.Nullam dignissim convallis est.Quisque aliquam. Donec faucibus.</span></p></div>
<div class="margin_collapsetop"></div>
<div style="clear:both;width:0px;"></div>
</div>
</div>
<div class=" visible-sm-block d-sm-block visible-xs-block d-block" style="clear: both;width:0px;"></div>
<div class="post_column col-xl-4 col-lg-4 col-md-4 col-sm-12 col-xs-12 col-12">
<div class="ttr_about-us_html_column12">
<div class="margin_collapsetop"></div>
<div class="html_content"><p style="margin:5px 0px 5px 0px;text-align:Center;line-height:1.3em;font-family:'Roboto Slab','Arial';color:rgba(51,51,51,1);"><span class="ttr_image" style="float:none;display:block;overflow:hidden;margin:0px 0px 20px 0px;"><span><img class="ttr_uniform" style="max-height:300px;max-width:300px;" src="~base_path~sites/default/files/inline-images/dish21.png" alt="menu" /></span></span><span style="font-weight:700;font-size:1.375em;color:rgba(52,52,52,1);">Crab Congee</span></p><p style="margin:20px 0px 5px 0px;text-align:Center;line-height:1.84em;font-family:'Roboto Slab','Arial';color:rgba(51,51,51,1);"><span style="font-family:'Lato','Arial';font-size:1em;color:rgba(78,78,78,1);">Lorem ipsum dolor sit amet, test link adipiscing elit.Nullam dignissim convallis est.Quisque aliquam. Donec faucibus.</span></p></div>
<div class="margin_collapsetop"></div>
<div style="clear:both;width:0px;"></div>
</div>
</div>
<div class=" visible-sm-block d-sm-block visible-xs-block d-block" style="clear: both;width:0px;"></div>
<div class="post_column col-xl-4 col-lg-4 col-md-4 col-sm-12 col-xs-12 col-12">
<div class="ttr_about-us_html_column13">
<div class="margin_collapsetop"></div>
<div class="html_content"><p style="margin:5px 0px 5px 0px;text-align:Center;line-height:1.3em;font-family:'Roboto Slab','Arial';color:rgba(51,51,51,1);"><span class="ttr_image" style="float:none;display:block;overflow:hidden;margin:0px 0px 20px 0px;"><span><img class="ttr_uniform" style="max-height:300px;max-width:300px;" src="~base_path~sites/default/files/inline-images/dish31.png" alt="menu" /></span></span><span style="font-weight:700;font-size:1.375em;color:rgba(52,52,52,1);">Pepper Calamari</span></p><p style="margin:20px 0px 5px 0px;text-align:Center;line-height:1.64em;font-family:'Roboto Slab','Arial';color:rgba(51,51,51,1);"><span style="font-family:'Lato','Arial';font-size:1em;color:rgba(78,78,78,1);">Lorem ipsum dolor sit amet, test link adipiscing elit.Nullam dignissim convallis est.Quisque aliquam. Donec faucibus.</span></p></div>
<div class="margin_collapsetop"></div>
<div style="clear:both;width:0px;"></div>
</div>
</div>
<div class=" visible-lg-block d-xl-block d-lg-block visible-md-block d-md-block visible-sm-block d-sm-block visible-xs-block d-block" style="clear: both;width:0px;"></div>
</div>
<div class="ttr_about-us_html_row2 row" >
<div class="post_column col-xl-12 col-lg-12 col-md-12 col-sm-12 col-xs-12 col-12">
<div class="ttr_about-us_html_column20">
<div class="margin_collapsetop"></div>
<div class="html_content"><h2 style="text-align:Center;"><span style="font-family:'Roboto Slab','Arial';font-weight:700;font-size:1em;color:rgba(0,0,0,1);">Our Chefs</span></h2><p style="margin:20px 0px 5px 0px;text-align:Center;line-height:1.3em;font-family:'Roboto Slab','Arial';color:rgba(51,51,51,1);"><span style="font-family:'Lato','Arial';font-size:1.125em;color:rgba(78,78,78,1);">Lorem ipsum dolor sit amet, test link adipiscing elit.Nullam dignissim convallis est.</span></p></div>
<div class="margin_collapsetop"></div>
<div style="clear:both;width:0px;"></div>
</div>
</div>
<div class=" visible-lg-block d-xl-block d-lg-block visible-md-block d-md-block visible-sm-block d-sm-block visible-xs-block d-block" style="clear: both;width:0px;"></div>
<div class="post_column col-xl-3 col-lg-3 col-md-6 col-sm-12 col-xs-12 col-12">
<div class="ttr_about-us_html_column21">
<div class="margin_collapsetop"></div>
<div class="html_content"><p style="margin:5px 0px 5px 0px;text-align:Center;line-height:1.3em;font-family:'Roboto Slab','Arial';color:rgba(51,51,51,1);"><span class="ttr_image" style="float:none;display:block;overflow:hidden;margin:0px 0px 20px 0px;"><span><img class="ttr_uniform" style="max-height:450px;max-width:400px;" src="~base_path~sites/default/files/inline-images/Chef11.jpg" alt="Harry MacDonald" /></span></span><span style="font-weight:700;font-size:1em;color:rgba(52,52,52,1);">Harry MacDonald</span></p></div>
<div class="margin_collapsetop"></div>
<div style="clear:both;width:0px;"></div>
</div>
</div>
<div class=" visible-sm-block d-sm-block visible-xs-block d-block" style="clear: both;width:0px;"></div>
<div class="post_column col-xl-3 col-lg-3 col-md-6 col-sm-12 col-xs-12 col-12">
<div class="ttr_about-us_html_column22">
<div class="margin_collapsetop"></div>
<div class="html_content"><p style="text-align:Center;"><span class="ttr_image" style="float:none;display:block;overflow:hidden;margin:0px 0px 20px 0px;"><span><img class="ttr_uniform" style="max-height:450px;max-width:400px;" src="~base_path~sites/default/files/inline-images/Chef21.jpg" alt="Jacob Williams" /></span></span><span style="font-weight:700;font-size:1em;color:rgba(52,52,52,1);">Jacob Williams</span></p></div>
<div class="margin_collapsetop"></div>
<div style="clear:both;width:0px;"></div>
</div>
</div>
<div class=" visible-md-block d-md-block visible-sm-block d-sm-block visible-xs-block d-block" style="clear: both;width:0px;"></div>
<div class="post_column col-xl-3 col-lg-3 col-md-6 col-sm-12 col-xs-12 col-12">
<div class="ttr_about-us_html_column23">
<div class="margin_collapsetop"></div>
<div class="html_content"><p style="text-align:Center;"><span class="ttr_image" style="float:none;display:block;overflow:hidden;margin:0px 0px 20px 0px;"><span><img class="ttr_uniform" style="max-height:450px;max-width:400px;" src="~base_path~sites/default/files/inline-images/Chef31.jpg" alt="Sharah Garcia" /></span></span><span style="font-weight:700;font-size:1em;color:rgba(52,52,52,1);">Sharah Garcia</span></p></div>
<div class="margin_collapsetop"></div>
<div style="clear:both;width:0px;"></div>
</div>
</div>
<div class=" visible-sm-block d-sm-block visible-xs-block d-block" style="clear: both;width:0px;"></div>
<div class="post_column col-xl-3 col-lg-3 col-md-6 col-sm-12 col-xs-12 col-12">
<div class="ttr_about-us_html_column24">
<div class="margin_collapsetop"></div>
<div class="html_content"><p style="margin:5px 0px 5px 0px;text-align:Center;line-height:1.3em;font-family:'Roboto Slab','Arial';color:rgba(51,51,51,1);"><span class="ttr_image" style="float:none;display:block;overflow:hidden;margin:0px 0px 20px 0px;"><span><img class="ttr_uniform" style="max-height:450px;max-width:400px;" src="~base_path~sites/default/files/inline-images/Chef41.jpg" alt="Charlie Rodriguez" /></span></span><span style="font-weight:700;font-size:1em;color:rgba(52,52,52,1);">Charlie Rodriguez</span></p></div>
<div class="margin_collapsetop"></div>
<div style="clear:both;width:0px;"></div>
</div>
</div>
<div class=" visible-lg-block d-xl-block d-lg-block visible-md-block d-md-block visible-sm-block d-sm-block visible-xs-block d-block" style="clear: both;width:0px;"></div>
</div>
]]></introtext>
    </content>
    <content>
      <meta_ID>tt_page3</meta_ID>
      <page_title>Contact</page_title>
      <alias>contact</alias>
      <page_name>Contact</page_name>
      <page_header_id>contact</page_header_id>
      <state>1</state>
      <featured>1</featured>
      <created>12/30/2020 00:00:00</created>
      <created_by_alias>SuperUser</created_by_alias>
      <page_title_visibility>false</page_title_visibility>
      <introtext><![CDATA[<div class="ttr_contact_html_row0 row" >
<div class="post_column col-xl-6 col-lg-6 col-md-6 col-sm-12 col-xs-12 col-12">
<div class="ttr_contact_html_column00">
<div class="margin_collapsetop"></div>
<div class="html_content"><p><span class="ttr_image" style="float:Left;overflow:hidden;margin:0px 0px 0px 0px;"><span><img class="ttr_uniform" style="max-height:466px;max-width:700px;" src="~base_path~sites/default/files/inline-images/contact.jpg" alt="conatct" /></span></span></p></div>
<div class="margin_collapsetop"></div>
<div style="clear:both;width:0px;"></div>
</div>
</div>
<div class=" visible-sm-block d-sm-block visible-xs-block d-block" style="clear: both;width:0px;"></div>
<div class="post_column col-xl-6 col-lg-6 col-md-6 col-sm-12 col-xs-12 col-12">
<div class="ttr_contact_html_column01">
<div class="margin_collapsetop"></div>
<div class="html_content"><h3 style="margin:2px 0px 0px 0px;"><span style="font-weight:700;font-size:1.077em;">Address:</span></h3><p style="margin:20px 0px 0px 0px;line-height:1.83em;"><span style="font-family:'Lato','Arial';font-weight:700;font-size:1em;">123 ABC Ave Street View #456 XYZ</span></p><p style="margin:2px 0px 0px 0px;line-height:1.83em;"><span style="font-family:'Lato','Arial';font-weight:700;font-size:1em;">New York City, 10005, USA</span></p><p style="margin:2px 0px 0px 0px;line-height:1.83em;"><span style="font-family:'Lato','Arial';font-weight:700;font-size:1em;">PHONES: (800) 123-4567-890; (800) 123-0046-7890</span></p><p style="margin:2px 0px 0px 0px;line-height:1.83em;"><span style="font-family:'Lato','Arial';font-weight:700;font-size:1em;">hello@restaurant.com</span></p><h3 style="margin:20px 0px 0px 0px;line-height:1.13em;"><span style="font-family:'Roboto Slab','Arial';font-weight:700;font-size:1.077em;">Working Hours</span></h3><p style="margin:20px 0px 0px 0px;line-height:1.83em;font-family:'Roboto Slab','Arial';color:rgba(51,51,51,1);"><span style="font-family:'Lato','Arial';font-weight:700;font-size:1em;">09:00 AM to 11:00 PM on Weekdays</span></p><p style="margin:2px 0px 0px 0px;line-height:1.83em;font-family:'Roboto Slab','Arial';color:rgba(51,51,51,1);"><span style="font-family:'Lato','Arial';font-weight:700;font-size:1em;">10:00 AM to 11:30 PM off Weekdays</span></p></div>
<div class="margin_collapsetop"></div>
<div style="clear:both;width:0px;"></div>
</div>
</div>
<div class=" visible-lg-block d-xl-block d-lg-block visible-md-block d-md-block visible-sm-block d-sm-block visible-xs-block d-block" style="clear: both;width:0px;"></div>
</div>
<div class="ttr_contact_html_row1 row" >
<div class="post_column col-xl-12 col-lg-12 col-md-6 col-sm-12 col-xs-12 col-12">
<div class="ttr_contact_html_column10">
<div class="margin_collapsetop"></div>
<div class="html_content"><br /></div>
<div class="margin_collapsetop"></div>
<div style="clear:both;width:0px;"></div>
</div>
</div>
<div class=" visible-lg-block d-xl-block d-lg-block visible-sm-block d-sm-block visible-xs-block d-block" style="clear: both;width:0px;"></div>
</div>
]]></introtext>
    </content>
    <content>
      <meta_ID>tt_page4</meta_ID>
      <page_title>Menu</page_title>
      <alias>menu</alias>
      <page_name>Menu</page_name>
      <page_header_id>menu</page_header_id>
      <state>1</state>
      <featured>1</featured>
      <created>12/30/2020 00:00:00</created>
      <created_by_alias>SuperUser</created_by_alias>
      <page_title_visibility>false</page_title_visibility>
      <introtext><![CDATA[<div class="ttr_menu_html_row0 row" >
<div class="post_column col-xl-12 col-lg-12 col-md-12 col-sm-12 col-xs-12 col-12">
<div class="ttr_menu_html_column00">
<div class="margin_collapsetop"></div>
<div class="html_content"><h2 style="margin:10px 0px 10px 0px;text-align:Center;line-height:1.44em;font-family:'Roboto Slab','Arial';color:rgba(88,182,192,1);"><span style="font-weight:700;font-size:1em;color:rgba(0,0,0,1);">Our Recipes</span></h2><p style="margin:20px 0px 5px 0px;text-align:Center;line-height:1.3em;font-family:'Roboto Slab','Arial';color:rgba(51,51,51,1);"><span style="font-family:'Lato','Arial';font-size:1.125em;color:rgba(78,78,78,1);">Lorem ipsum dolor sit amet, test link adipiscing elit. Nullam dignissim convallis est.</span></p></div>
<div class="margin_collapsetop"></div>
<div style="clear:both;width:0px;"></div>
</div>
</div>
<div class=" visible-lg-block d-xl-block d-lg-block visible-md-block d-md-block visible-sm-block d-sm-block visible-xs-block d-block" style="clear: both;width:0px;"></div>
<div class="post_column col-xl-6 col-lg-6 col-md-12 col-sm-12 col-xs-12 col-12">
<div class="ttr_menu_html_column01">
<div class="margin_collapsetop"></div>
<div class="html_content"><p style="margin:0px 0px 5px 0px;line-height:1.3em;font-family:'Roboto Slab','Arial';color:rgba(51,51,51,1);"><span class="ttr_image" style="float:Left;overflow:hidden;margin:0px 30px 0px 0px;"><span><img class="ttr_uniform" style="max-height:100px;max-width:100px;" src="~base_path~sites/default/files/inline-images/menu11.png" alt="menu" /></span></span><span style="font-weight:700;font-size:1.25em;">Ranch Pasta</span><span style="font-size:1.25em;">..................................................</span><span style="font-weight:700;font-size:1.375em;color:rgba(28,179,92,1);">$25</span></p><p style="margin:10px 0px 5px 0px;line-height:1.86em;font-family:'Roboto Slab','Arial';color:rgba(51,51,51,1);"><span style="font-family:'Lato','Arial';font-size:1em;color:rgba(78,78,78,1);">Nullam dignissim convallis est.Quisque aliquam. Donec faucibus. Nunc iaculis suscipit dui.</span></p></div>
<div class="margin_collapsetop"></div>
<div style="clear:both;width:0px;"></div>
</div>
</div>
<div class=" visible-md-block d-md-block visible-sm-block d-sm-block visible-xs-block d-block" style="clear: both;width:0px;"></div>
<div class="post_column col-xl-6 col-lg-6 col-md-12 col-sm-12 col-xs-12 col-12">
<div class="ttr_menu_html_column02">
<div class="margin_collapsetop"></div>
<div class="html_content"><p style="margin:0px 0px 5px 0px;line-height:1.3em;font-family:'Roboto Slab','Arial';color:rgba(51,51,51,1);"><span class="ttr_image" style="float:Left;overflow:hidden;margin:0px 40px 0px 0px;"><span><img class="ttr_uniform" style="max-height:100px;max-width:100px;" src="~base_path~sites/default/files/inline-images/menu21.png" alt="menu" /></span></span><span style="font-weight:700;font-size:1.25em;">Cupcake Recipes </span><span style="font-size:1.25em;">........................................</span><span style="font-weight:700;font-size:1.375em;color:rgba(28,179,92,1);">$15</span></p><p style="margin:10px 0px 5px 0px;line-height:1.86em;font-family:'Roboto Slab','Arial';color:rgba(51,51,51,1);"><span style="font-family:'Lato','Arial';font-size:1em;color:rgba(78,78,78,1);">Nullam dignissim convallis est.Quisque aliquam. Donec faucibus. Nunc iaculis suscipit dui.</span></p></div>
<div class="margin_collapsetop"></div>
<div style="clear:both;width:0px;"></div>
</div>
</div>
<div class=" visible-lg-block d-xl-block d-lg-block visible-md-block d-md-block visible-sm-block d-sm-block visible-xs-block d-block" style="clear: both;width:0px;"></div>
<div class="post_column col-xl-6 col-lg-6 col-md-12 col-sm-12 col-xs-12 col-12">
<div class="ttr_menu_html_column03">
<div class="margin_collapsetop"></div>
<div class="html_content"><p style="margin:0px 0px 5px 0px;line-height:1.3em;font-family:'Roboto Slab','Arial';color:rgba(51,51,51,1);"><span class="ttr_image" style="float:Left;overflow:hidden;margin:0px 30px 0px 0px;"><span><img class="ttr_uniform" style="max-height:100px;max-width:100px;" src="~base_path~sites/default/files/inline-images/menu31.png" alt="menu" /></span></span><span style="font-weight:700;font-size:1.25em;">Oysters Grill</span><span style="font-size:1.25em;">..................................................</span><span style="font-weight:700;font-size:1.375em;color:rgba(28,179,92,1);">$35</span></p><p style="margin:10px 0px 5px 0px;line-height:1.86em;font-family:'Roboto Slab','Arial';color:rgba(51,51,51,1);"><span style="font-family:'Lato','Arial';font-size:1em;color:rgba(78,78,78,1);">Nullam dignissim convallis est.Quisque aliquam. Donec faucibus. Nunc iaculis suscipit dui.</span></p></div>
<div class="margin_collapsetop"></div>
<div style="clear:both;width:0px;"></div>
</div>
</div>
<div class=" visible-md-block d-md-block visible-sm-block d-sm-block visible-xs-block d-block" style="clear: both;width:0px;"></div>
<div class="post_column col-xl-6 col-lg-6 col-md-12 col-sm-12 col-xs-12 col-12">
<div class="ttr_menu_html_column04">
<div class="margin_collapsetop"></div>
<div class="html_content"><p style="margin:0px 0px 5px 0px;line-height:1.3em;font-family:'Roboto Slab','Arial';color:rgba(51,51,51,1);"><span class="ttr_image" style="float:Left;overflow:hidden;margin:0px 40px 0px 0px;"><span><img class="ttr_uniform" style="max-height:100px;max-width:100px;" src="~base_path~sites/default/files/inline-images/menu41.png" alt="menu" /></span></span><span style="font-weight:700;font-size:1.25em;">Rosemary</span><span style="font-size:1.25em;">......................................................</span><span style="font-weight:700;font-size:1.375em;color:rgba(28,179,92,1);">$35</span></p><p style="margin:10px 0px 5px 0px;line-height:1.86em;font-family:'Roboto Slab','Arial';color:rgba(51,51,51,1);"><span style="font-family:'Lato','Arial';font-size:1em;color:rgba(78,78,78,1);">Nullam dignissim convallis est.Quisque aliquam. Donec faucibus. Nunc iaculis suscipit dui.</span></p></div>
<div class="margin_collapsetop"></div>
<div style="clear:both;width:0px;"></div>
</div>
</div>
<div class=" visible-lg-block d-xl-block d-lg-block visible-md-block d-md-block visible-sm-block d-sm-block visible-xs-block d-block" style="clear: both;width:0px;"></div>
<div class="post_column col-xl-6 col-lg-6 col-md-12 col-sm-12 col-xs-12 col-12">
<div class="ttr_menu_html_column05">
<div class="margin_collapsetop"></div>
<div class="html_content"><p style="margin:0px 0px 5px 0px;line-height:1.3em;font-family:'Roboto Slab','Arial';color:rgba(51,51,51,1);"><span class="ttr_image" style="float:Left;overflow:hidden;margin:0px 40px 0px 0px;"><span><img class="ttr_uniform" style="max-height:100px;max-width:100px;" src="~base_path~sites/default/files/inline-images/menu51.png" alt="menu" /></span></span><span style="font-weight:700;font-size:1.25em;">Ranch Pasta</span><span style="font-size:1.25em;">..................................................</span><span style="font-weight:700;font-size:1.375em;color:rgba(28,179,92,1);">$45</span></p><p style="margin:10px 0px 5px 0px;line-height:1.86em;font-family:'Roboto Slab','Arial';color:rgba(51,51,51,1);"><span style="font-family:'Lato','Arial';font-size:1em;color:rgba(78,78,78,1);">Nullam dignissim convallis est.Quisque aliquam. Donec faucibus. Nunc iaculis suscipit dui.</span></p></div>
<div class="margin_collapsetop"></div>
<div style="clear:both;width:0px;"></div>
</div>
</div>
<div class=" visible-md-block d-md-block visible-sm-block d-sm-block visible-xs-block d-block" style="clear: both;width:0px;"></div>
<div class="post_column col-xl-6 col-lg-6 col-md-12 col-sm-12 col-xs-12 col-12">
<div class="ttr_menu_html_column06">
<div class="margin_collapsetop"></div>
<div class="html_content"><p style="margin:0px 0px 5px 0px;line-height:1.3em;font-family:'Roboto Slab','Arial';color:rgba(51,51,51,1);"><span class="ttr_image" style="float:Left;overflow:hidden;margin:0px 40px 0px 0px;"><span><img class="ttr_uniform" style="max-height:100px;max-width:100px;" src="~base_path~sites/default/files/inline-images/menu61.png" alt="menu" /></span></span><span style="font-weight:700;font-size:1.25em;">Fried Chicken</span><span style="font-size:1.25em;">..............................................</span><span style="font-weight:700;font-size:1.375em;color:rgba(28,179,92,1);">$25</span></p><p style="margin:10px 0px 5px 0px;line-height:1.86em;font-family:'Roboto Slab','Arial';color:rgba(51,51,51,1);"><span style="font-family:'Lato','Arial';font-size:1em;color:rgba(78,78,78,1);">Nullam dignissim convallis est.Quisque aliquam. Donec faucibus. Nunc iaculis suscipit dui.</span></p></div>
<div class="margin_collapsetop"></div>
<div style="clear:both;width:0px;"></div>
</div>
</div>
<div class=" visible-lg-block d-xl-block d-lg-block visible-md-block d-md-block visible-sm-block d-sm-block visible-xs-block d-block" style="clear: both;width:0px;"></div>
<div class="post_column col-xl-6 col-lg-6 col-md-12 col-sm-12 col-xs-12 col-12">
<div class="ttr_menu_html_column07">
<div class="margin_collapsetop"></div>
<div class="html_content"><p style="margin:0px 0px 5px 0px;line-height:1.3em;font-family:'Roboto Slab','Arial';color:rgba(51,51,51,1);"><span class="ttr_image" style="float:Left;overflow:hidden;margin:0px 40px 0px 0px;"><span><img class="ttr_uniform" style="max-height:100px;max-width:100px;" src="~base_path~sites/default/files/inline-images/menu71.png" alt="menu" /></span></span><span style="font-weight:700;font-size:1.25em;">Cupcake Recipes </span><span style="font-size:1.25em;">.........................................</span><span style="font-weight:700;font-size:1.375em;color:rgba(28,179,92,1);">$40</span></p><p style="margin:10px 0px 5px 0px;line-height:1.86em;font-family:'Roboto Slab','Arial';color:rgba(51,51,51,1);"><span style="font-family:'Lato','Arial';font-size:1em;color:rgba(78,78,78,1);">Nullam dignissim convallis est.Quisque aliquam. Donec faucibus. Nunc iaculis suscipit dui.</span></p></div>
<div class="margin_collapsetop"></div>
<div style="clear:both;width:0px;"></div>
</div>
</div>
<div class=" visible-md-block d-md-block visible-sm-block d-sm-block visible-xs-block d-block" style="clear: both;width:0px;"></div>
<div class="post_column col-xl-6 col-lg-6 col-md-12 col-sm-12 col-xs-12 col-12">
<div class="ttr_menu_html_column08">
<div class="margin_collapsetop"></div>
<div class="html_content"><p style="margin:0px 0px 5px 0px;line-height:1.3em;font-family:'Roboto Slab','Arial';color:rgba(51,51,51,1);"><span class="ttr_image" style="float:Left;overflow:hidden;margin:0px 40px 0px 0px;"><span><img class="ttr_uniform" style="max-height:100px;max-width:100px;" src="~base_path~sites/default/files/inline-images/menu81.png" alt="menu" /></span></span><span style="font-weight:700;font-size:1.25em;">Potato Pizza</span><span style="font-size:1.25em;">..................................................</span><span style="font-weight:700;font-size:1.375em;color:rgba(28,179,92,1);">$45</span></p><p style="margin:10px 0px 5px 0px;line-height:1.86em;font-family:'Roboto Slab','Arial';color:rgba(51,51,51,1);"><span style="font-family:'Lato','Arial';font-size:1em;color:rgba(78,78,78,1);">Nullam dignissim convallis est.Quisque aliquam. Donec faucibus. Nunc iaculis suscipit dui.</span></p></div>
<div class="margin_collapsetop"></div>
<div style="clear:both;width:0px;"></div>
</div>
</div>
<div class=" visible-lg-block d-xl-block d-lg-block visible-md-block d-md-block visible-sm-block d-sm-block visible-xs-block d-block" style="clear: both;width:0px;"></div>
<div class="post_column col-xl-12 col-lg-12 col-md-12 col-sm-12 col-xs-12 col-12">
<div class="ttr_menu_html_column09">
<div class="margin_collapsetop"></div>
<div class="html_content"><p style="text-align:Center;"><span><a href="http://templatetoaster.com" target="_self" class="btn btn-md btn-default">Order Now</a></span></p></div>
<div class="margin_collapsetop"></div>
<div style="clear:both;width:0px;"></div>
</div>
</div>
<div class=" visible-lg-block d-xl-block d-lg-block visible-md-block d-md-block visible-sm-block d-sm-block visible-xs-block d-block" style="clear: both;width:0px;"></div>
</div>
<div class="ttr_menu_html_row1 row" >
<div class="post_column col-xl-12 col-lg-12 col-md-12 col-sm-12 col-xs-12 col-12">
<div class="ttr_menu_html_column10">
<div class="margin_collapsetop"></div>
<div class="html_content"><h2 style="margin:10px 0px 10px 0px;text-align:Center;line-height:1.44em;font-family:'Roboto Slab','Arial';color:rgba(88,182,192,1);"><span style="font-weight:700;font-size:1em;color:rgba(0,0,0,1);">More Recipes</span></h2><p style="margin:20px 0px 5px 0px;text-align:Center;line-height:1.3em;font-family:'Roboto Slab','Arial';color:rgba(51,51,51,1);"><span style="font-family:'Lato','Arial';font-size:1.125em;color:rgba(78,78,78,1);">Lorem ipsum dolor sit amet, test link adipiscing elit. Nullam dignissim convallis est.</span></p></div>
<div class="margin_collapsetop"></div>
<div style="clear:both;width:0px;"></div>
</div>
</div>
<div class=" visible-lg-block d-xl-block d-lg-block visible-md-block d-md-block visible-sm-block d-sm-block visible-xs-block d-block" style="clear: both;width:0px;"></div>
<div class="post_column col-xl-4 col-lg-4 col-md-6 col-sm-12 col-xs-12 col-12">
<div class="ttr_menu_html_column11">
<div class="margin_collapsetop"></div>
<div class="html_content"><p><span class="ttr_image" style="float:Left;overflow:hidden;margin:0px 0px 20px 0px;"><span><img class="ttr_uniform" style="max-height:426px;max-width:640px;" src="~base_path~sites/default/files/inline-images/More Recipes1.jpg" alt="More Recipes" /></span></span><span style="font-family:'Roboto Slab','Arial';font-weight:700;font-size:1.25em;color:rgba(51,51,51,1);">Cupcake Recipes</span><span style="font-family:'Roboto Slab','Arial';font-style:normal;font-weight:400;font-size:0.875em;color:rgba(51,51,51,1);"><span style="font-size:1.25em;">.......................</span><span style="font-weight:700;font-size:1.375em;color:rgba(28,179,92,1);">$40</span></span></p><p><span></span></p></div>
<div class="margin_collapsetop"></div>
<div style="clear:both;width:0px;"></div>
</div>
</div>
<div class=" visible-sm-block d-sm-block visible-xs-block d-block" style="clear: both;width:0px;"></div>
<div class="post_column col-xl-4 col-lg-4 col-md-6 col-sm-12 col-xs-12 col-12">
<div class="ttr_menu_html_column12">
<div class="margin_collapsetop"></div>
<div class="html_content"><p><span class="ttr_image" style="float:Left;overflow:hidden;margin:0px 0px 20px 0px;"><span><img class="ttr_uniform" style="max-height:426px;max-width:640px;" src="~base_path~sites/default/files/inline-images/More Recipes2.jpg" alt="More Recipes" /></span></span><span style="font-family:'Roboto Slab','Arial';font-weight:700;font-size:1.25em;color:rgba(51,51,51,1);">Ranch Pasta</span><span style="font-family:'Roboto Slab','Arial';font-style:normal;font-weight:400;font-size:0.875em;color:rgba(51,51,51,1);"><span style="font-size:1.25em;">....................................</span><span style="font-weight:700;font-size:1.375em;color:rgba(28,179,92,1);">$25</span></span></p><p><span></span></p></div>
<div class="margin_collapsetop"></div>
<div style="clear:both;width:0px;"></div>
</div>
</div>
<div class=" visible-md-block d-md-block visible-sm-block d-sm-block visible-xs-block d-block" style="clear: both;width:0px;"></div>
<div class="post_column col-xl-4 col-lg-4 col-md-6 col-sm-3 col-xs-3 col-3">
<div class="ttr_menu_html_column13">
<div class="margin_collapsetop"></div>
<div class="html_content"><p><span class="ttr_image" style="float:Left;overflow:hidden;margin:0px 0px 20px 0px;"><span><img class="ttr_uniform" style="max-height:426px;max-width:640px;" src="~base_path~sites/default/files/inline-images/More Recipes3.jpg" alt="More Recipes" /></span></span><span style="font-family:'Roboto Slab','Arial';font-weight:700;font-size:1.25em;color:rgba(51,51,51,1);">Oysters Grill</span><span style="font-family:'Roboto Slab','Arial';font-style:normal;font-weight:400;font-size:0.875em;color:rgba(51,51,51,1);"><span style="font-size:1.25em;">....................................</span><span style="font-weight:700;font-size:1.375em;color:rgba(28,179,92,1);">$35</span></span></p><p><span></span></p></div>
<div class="margin_collapsetop"></div>
<div style="clear:both;width:0px;"></div>
</div>
</div>
<div class=" visible-lg-block d-xl-block d-lg-block" style="clear: both;width:0px;"></div>
</div>
]]></introtext>
    </content>
  </pages>
  <sidebars />
  <footers>
    <footer name="footercellcolumn1">
      <block name="footercellcolumn0" tt_blockID="footer_cell0" title="footertext1">
        <content><![CDATA[<div class="html_content"><p><span style="font-family:'Roboto Slab','Arial';font-weight:700;font-size:1.25em;color:rgba(255,255,255,1);">About</span></p><p style="margin:20px 0px 5px 0px;line-height:1.9em;"><span style="font-family:'Lato','Arial';font-size:1em;color:rgba(203,203,203,1);">Lorem ipsum dolor sit amet, consectetur adipiscing elit, sed do eiusmod tempor incididunt ut labore et dolore magna aliqua. Ut enim ad minim veniam, quis nostrud exercitation ullamco laboris nisi ut aliquip ex ea.</span></p></div>]]></content>
        <widget_pages>
          <widget_page>home</widget_page>
          <widget_page>about-us</widget_page>
          <widget_page>contact</widget_page>
          <widget_page>menu</widget_page>
        </widget_pages>
      </block>
    </footer>
    <footer name="footercellcolumn2">
      <block name="footercellcolumn1" tt_blockID="footer_cell1" title="footertext2">
        <content><![CDATA[<div class="html_content"><p style="margin:5px 0px 5px 0px;line-height:1.3em;font-family:'Roboto Slab','Arial';color:rgba(51,51,51,1);"><span style="font-family:'Roboto Slab','Arial';font-weight:700;font-size:1.25em;color:rgba(255,255,255,1);">Recipes</span></p><p style="margin:20px 0px 5px 0px;line-height:1.9em;font-family:'Roboto Slab','Arial';color:rgba(51,51,51,1);"><span style="font-family:'Lato','Arial';font-size:1em;color:rgba(203,203,203,1);">Ranch Pasta</span></p><p style="margin:0px 0px 5px 0px;line-height:1.9em;font-family:'Roboto Slab','Arial';color:rgba(51,51,51,1);"><span style="font-family:'Lato','Arial';font-size:1em;color:rgba(203,203,203,1);">Oysters Grill</span></p><p style="margin:0px 0px 5px 0px;line-height:1.9em;font-family:'Roboto Slab','Arial';color:rgba(51,51,51,1);"><span style="font-family:'Lato','Arial';font-size:1em;color:rgba(203,203,203,1);">Cupcake Recipes</span></p><p style="margin:0px 0px 5px 0px;line-height:1.9em;font-family:'Roboto Slab','Arial';color:rgba(51,51,51,1);"><span style="font-family:'Lato','Arial';font-size:1em;color:rgba(203,203,203,1);">Rosemary</span></p><p style="margin:0px 0px 5px 0px;line-height:1.9em;font-family:'Roboto Slab','Arial';color:rgba(51,51,51,1);"><span style="font-family:'Lato','Arial';font-size:1em;color:rgba(203,203,203,1);">Fried Chicken</span></p></div>]]></content>
        <widget_pages>
          <widget_page>home</widget_page>
          <widget_page>about-us</widget_page>
          <widget_page>contact</widget_page>
          <widget_page>menu</widget_page>
        </widget_pages>
      </block>
    </footer>
    <footer name="footercellcolumn3">
      <block name="footercellcolumn2" tt_blockID="footer_cell2" title="footertext3">
        <content><![CDATA[<div class="html_content"><p style="margin:5px 0px 5px 0px;line-height:1.3em;font-family:'Roboto Slab','Arial';color:rgba(51,51,51,1);"><span style="font-family:'Roboto Slab','Arial';font-weight:700;font-size:1.25em;color:rgba(255,255,255,1);">Pages</span></p><p style="margin:20px 0px 5px 0px;line-height:1.9em;font-family:'Roboto Slab','Arial';color:rgba(51,51,51,1);"><span style="font-family:'Lato','Arial';font-size:1em;color:rgba(203,203,203,1);">Menu</span></p><p style="margin:0px 0px 5px 0px;line-height:1.9em;font-family:'Roboto Slab','Arial';color:rgba(51,51,51,1);"><span style="font-family:'Lato','Arial';font-size:1em;color:rgba(203,203,203,1);">About</span></p><p style="margin:0px 0px 5px 0px;line-height:1.9em;font-family:'Roboto Slab','Arial';color:rgba(51,51,51,1);"><span style="font-family:'Lato','Arial';font-size:1em;color:rgba(203,203,203,1);">Contact</span></p><p style="margin:0px 0px 5px 0px;line-height:1.9em;font-family:'Roboto Slab','Arial';color:rgba(51,51,51,1);"><span style="font-family:'Lato','Arial';font-size:1em;color:rgba(203,203,203,1);">Blog</span></p><p style="margin:0px 0px 5px 0px;line-height:1.9em;font-family:'Roboto Slab','Arial';color:rgba(51,51,51,1);"><span style="font-family:'Lato','Arial';font-size:1em;color:rgba(203,203,203,1);">Recipes</span></p></div>]]></content>
        <widget_pages>
          <widget_page>home</widget_page>
          <widget_page>about-us</widget_page>
          <widget_page>contact</widget_page>
          <widget_page>menu</widget_page>
        </widget_pages>
      </block>
    </footer>
    <footer name="footercellcolumn4">
      <block name="footercellcolumn3" tt_blockID="footer_cell3" title="footertext4">
        <content><![CDATA[<div class="html_content"><p style="margin:5px 0px 5px 0px;line-height:1.3em;font-family:'Roboto Slab','Arial';color:rgba(51,51,51,1);"><span style="font-family:'Roboto Slab','Arial';font-weight:700;font-size:1.25em;color:rgba(255,255,255,1);">Information</span></p><p style="margin:20px 0px 5px 0px;line-height:1.9em;font-family:'Roboto Slab','Arial';color:rgba(51,51,51,1);"><span style="font-family:'Lato','Arial';font-size:1em;color:rgba(203,203,203,1);">New Food</span></p><p style="margin:0px 0px 5px 0px;line-height:1.9em;font-family:'Roboto Slab','Arial';color:rgba(51,51,51,1);"><span style="font-family:'Lato','Arial';font-size:1em;color:rgba(203,203,203,1);">Popular Food</span></p><p style="margin:0px 0px 5px 0px;line-height:1.9em;font-family:'Roboto Slab','Arial';color:rgba(51,51,51,1);"><span style="font-family:'Lato','Arial';font-size:1em;color:rgba(203,203,203,1);">Most Visited Items</span></p><p style="margin:0px 0px 5px 0px;line-height:1.9em;font-family:'Roboto Slab','Arial';color:rgba(51,51,51,1);"><span style="font-family:'Lato','Arial';font-size:1em;color:rgba(203,203,203,1);">Chefs</span></p><p style="margin:0px 0px 5px 0px;line-height:1.9em;font-family:'Roboto Slab','Arial';color:rgba(51,51,51,1);"><span style="font-family:'Lato','Arial';font-size:1em;color:rgba(203,203,203,1);">Timing</span></p></div>]]></content>
        <widget_pages>
          <widget_page>home</widget_page>
          <widget_page>about-us</widget_page>
          <widget_page>contact</widget_page>
          <widget_page>menu</widget_page>
        </widget_pages>
      </block>
    </footer>
  </footers>
  <Shapes>
    <headershapes>
      <header name="headershape00">
        <block name="headershape00" tt_blockID="header_cell00" title="header_block00">
          <content><![CDATA[<div class="html_content"><h2 style="margin:20px 0px 30px 0px;text-align:Center;"><span style="font-weight:700;font-size:1.333em;color:rgba(255,255,255,1);">Making The Delicious Premium Food Since 1980</span></h2><p style="text-align:Center;"><span><a href="http://templatetoaster.com" target="_self" class="btn btn-md btn-default">Order Now</a></span></p></div>]]></content>
          <widget_pages>
            <widget_page>home</widget_page>
            <widget_page>about-us</widget_page>
            <widget_page>contact</widget_page>
            <widget_page>menu</widget_page>
            <widget_page>blog-wp</widget_page>
          </widget_pages>
        </block>
      </header>
      <header name="headershape11">
        <block name="headershape11" tt_blockID="header_cell11" title="header_block11">
          <content><![CDATA[<div class="html_content"><h2 style="text-align:Center;"><span style="font-weight:700;font-size:1.143em;color:rgba(255,255,255,1);">About us</span></h2></div>]]></content>
          <widget_pages>
            <widget_page>about-us</widget_page>
          </widget_pages>
        </block>
      </header>
      <header name="headershape21">
        <block name="headershape21" tt_blockID="header_cell21" title="header_block21">
          <content><![CDATA[<div class="html_content"><h2 style="text-align:Center;"><span style="font-weight:700;font-size:1.143em;color:rgba(255,255,255,1);">Contact us</span></h2></div>]]></content>
          <widget_pages>
            <widget_page>contact</widget_page>
          </widget_pages>
        </block>
      </header>
      <header name="headershape31">
        <block name="headershape31" tt_blockID="header_cell31" title="header_block31">
          <content><![CDATA[<div class="html_content"><h2 style="text-align:Center;"><span style="font-weight:700;font-size:1.143em;color:rgba(255,255,255,1);">Our Menu</span></h2></div>]]></content>
          <widget_pages>
            <widget_page>menu</widget_page>
          </widget_pages>
        </block>
      </header>
    </headershapes>
    <slideshowshapes />
    <menushapes />
    <footershapes />
  </Shapes>
</sitecontent>